,pdbid,protein,dna
0,1bss,"['A', 'B']","['C', 'D']"
1,1c7u,"['A', 'B']","['C', 'D']"
2,1bnz,['A'],"['B', 'C']"
3,1ca5,['A'],"['B', 'C']"
4,1c8c,['A'],"['B', 'C']"
5,1ca6,['A'],"['B', 'C']"
6,1co0,"['A', 'B']","['E', 'F']"
7,1cyq,"['A', 'B']","['C', 'D']"
8,1d0e,"['A', 'B']","['E', 'F']"
9,1c9b,"['A', 'E', 'I', 'M', 'Q', 'B', 'F', 'J', 'N', 'R']","['C', 'G', 'K', 'O', 'S', 'D', 'H', 'L', 'P', 'T']"
10,1au7,"['A', 'B']","['C', 'D']"
11,1awc,"['A', 'B']","['D', 'E']"
12,1a31,['A'],"['C', 'D']"
13,1a36,['A'],"['B', 'C']"
14,1a35,['A'],"['C', 'D']"
15,1bua,"['A', 'B']","['C', 'D']"
16,1az0,"['A', 'B']","['C', 'D']"
17,1b94,"['A', 'B']","['C', 'D']"
18,1b95,"['A', 'B']","['C', 'D']"
19,1b96,"['A', 'B']","['C', 'D']"
20,1b97,"['A', 'B']","['C', 'D']"
21,1ais,"['A', 'B']","['C', 'E']"
22,193d,['C'],"['A', 'B']"
23,1bf5,['A'],"['B', 'C']"
24,1apl,"['C', 'D']","['A', 'B']"
25,1a6b,['B'],['A']
26,1bj6,['A'],['D']
27,1cw0,['A'],"['M', 'N', 'O']"
28,1b72,"['A', 'B']","['D', 'E']"
29,1a1f,['A'],"['B', 'C']"
30,1a1k,['A'],"['B', 'C']"
31,1a1h,['A'],"['B', 'C']"
32,1a1i,['A'],"['B', 'C']"
33,1a1l,['A'],"['B', 'C']"
34,1a1g,['A'],"['B', 'C']"
35,1a1j,['A'],"['B', 'C']"
36,1aay,['A'],"['B', 'C']"
37,1cf7,"['A', 'B']","['C', 'D']"
38,1by4,"['A', 'B', 'C', 'D']","['E', 'G', 'F', 'H']"
39,1a6y,"['A', 'B']","['C', 'D']"
40,1an4,"['A', 'B']","['C', 'D']"
41,1ckt,['A'],"['B', 'C']"
42,1b01,"['A', 'B']","['E', 'F']"
43,1cit,['A'],"['B', 'C']"
44,1bpz,['A'],"['T', 'P', 'D']"
45,1bpx,['A'],"['T', 'P', 'D']"
46,1bpy,['A'],"['T', 'P', 'D']"
47,1brn,"['L', 'M']","['A', 'B']"
48,1a66,['A'],"['B', 'C']"
49,1bgb,"['A', 'B']","['C', 'D']"
50,1bbx,"['C', 'D']","['A', 'B']"
51,1a0a,"['A', 'B']","['C', 'D']"
52,1cdw,['A'],"['B', 'C']"
53,1a02,"['N', 'F', 'J']","['A', 'B']"
54,1ahd,['P'],"['A', 'B']"
55,173d,"['C', 'D']","['A', 'B']"
56,1cjg,"['A', 'B']","['C', 'D']"
57,1bc7,['C'],"['A', 'B']"
58,1bnk,['A'],"['D', 'E']"
59,1b69,['A'],"['B', 'C']"
60,1bp7,"['A', 'B', 'C', 'D']","['1', '3', '2', '4']"
61,1d02,"['A', 'B']","['C', 'D']"
62,1cgp,"['A', 'B']","['C', 'E', 'D', 'F']"
63,1azp,['A'],"['B', 'C']"
64,1clq,['A'],"['E', 'D']"
65,1bf4,['A'],"['B', 'C']"
66,1b3t,"['A', 'B']","['C', 'D']"
67,1a3q,"['A', 'B']","['C', 'D']"
68,1bl0,['A'],"['B', 'C']"
69,1azq,['A'],"['B', 'C']"
70,1b8i,"['A', 'B']","['C', 'D']"
71,1an2,['A'],['B']
72,1akh,"['A', 'B']","['C', 'D']"
73,1bc8,['C'],"['A', 'B']"
74,1bdh,['A'],['B']
75,1bdi,['A'],['B']
76,1crx,"['A', 'B']","['C', 'D', 'F', 'E']"
77,1bdt,"['A', 'B', 'C', 'D']","['E', 'F']"
78,1bdv,"['A', 'B', 'C', 'D']","['E', 'F']"
79,1bhm,"['A', 'B']","['C', 'D']"
80,1cl8,['A'],['B']
81,1ckq,['A'],['B']
82,1bg1,['A'],['B']
83,1cqt,"['A', 'B', 'I', 'J']","['M', 'O', 'N', 'P']"
84,1cma,"['A', 'B']","['C', 'D']"
85,1a73,"['A', 'B']","['C', 'E', 'D', 'F']"
86,1a74,"['A', 'B']","['C', 'D']"
87,1cz0,"['A', 'B']","['C', 'D']"
88,1am9,"['A', 'B', 'C', 'D']","['E', 'G', 'F', 'H']"
89,1cbv,"['L', 'H']",['D']
90,1a1v,['A'],['B']
91,1bsu,"['A', 'B']","['C', 'D']"
92,1c0w,"['A', 'B', 'C', 'D']","['E', 'F']"
93,10mh,['A'],"['B', 'C']"
94,1c7y,['A'],"['B', 'C', 'D', 'E', 'F', 'G', 'H', 'I']"
95,1bdx,"['A', 'B', 'C', 'D']","['J', 'K', 'L', 'M']"
96,1cez,['A'],"['T', 'N']"
97,1bvo,['A'],"['D', 'E']"
98,1aoi,"['A', 'E', 'B', 'F', 'C', 'G', 'D', 'H']","['I', 'J']"
99,185d,['A'],"['C', 'D']"
100,1f0o,"['A', 'B']","['C', 'D']"
101,1eqz,"['A', 'E', 'B', 'F', 'C', 'G', 'D', 'H']","['I', 'J']"
102,1ddn,"['A', 'B', 'C', 'D']","['E', 'F']"
103,1f5t,"['A', 'B', 'C', 'D']","['E', 'F']"
104,1ehl,"['L', 'H']",['A']
105,1e3o,['C'],"['A', 'B']"
106,1f2i,"['G', 'H', 'I', 'J', 'K', 'L']","['A', 'B', 'C', 'D', 'E', 'F']"
107,1ga5,"['A', 'B', 'E', 'F']","['C', 'G', 'D', 'H']"
108,1f0v,"['A', 'B', 'C', 'D']","['M', 'N', 'O', 'P']"
109,1g9y,"['A', 'B']","['C', 'D']"
110,1g3x,['M'],"['A', 'B', 'C', 'D', 'E', 'F', 'G', 'H', 'I', 'J', 'K', 'L']"
111,1f4k,"['A', 'B']","['D', 'E']"
112,1g2d,"['C', 'F']","['A', 'D', 'B', 'E']"
113,1g2f,"['C', 'F']","['A', 'D', 'B', 'E']"
114,1g9z,"['A', 'B']","['C', 'D', 'E', 'F']"
115,1fw6,"['A', 'B']","['C', 'D']"
116,1dew,"['A', 'B']","['U', 'X', 'V', 'Y']"
117,1g38,"['A', 'D']","['B', 'E', 'C', 'F']"
118,1drg,['A'],"['B', 'C']"
119,1gt0,"['C', 'D']","['A', 'B']"
120,1g4d,['A'],"['B', 'C']"
121,1de9,"['A', 'B']","['U', 'X', 'V', 'Y', 'W', 'Z']"
122,1d8y,['A'],['B']
123,1f44,['A'],"['M', 'N']"
124,1eon,"['A', 'B']","['C', 'D']"
125,1egw,"['A', 'B', 'C', 'D']","['E', 'H', 'F', 'G']"
126,1fja,"['C', 'D']","['A', 'B']"
127,1fos,"['E', 'G', 'F', 'H']","['A', 'C', 'B', 'D']"
128,1dct,"['A', 'B']","['F', 'G', 'M', 'N']"
129,1exi,['A'],['M']
130,1exj,['A'],['M']
131,1gd2,"['E', 'F', 'G', 'H', 'I', 'J']","['A', 'B', 'C', 'D']"
132,1dmu,['A'],['F']
133,1ej9,['A'],"['C', 'D']"
134,1eo3,"['A', 'B']","['C', 'D']"
135,1eo4,"['A', 'B']","['C', 'D']"
136,1dsz,"['A', 'B']","['C', 'D']"
137,1glu,"['A', 'B']","['C', 'D']"
138,1d66,"['A', 'B']","['D', 'E']"
139,1dh3,"['A', 'C']","['B', 'D']"
140,1dp7,['P'],['D']
141,1d1u,['A'],"['B', 'C']"
142,1eoo,"['A', 'B']","['C', 'D']"
143,1eop,"['A', 'B']","['C', 'D']"
144,1dsc,['C'],"['A', 'B']"
145,1efa,"['A', 'B', 'C']","['D', 'E']"
146,1ewn,['A'],"['D', 'E']"
147,1f4r,['A'],"['D', 'E']"
148,1f6o,['A'],"['D', 'E']"
149,1diz,"['A', 'B']","['C', 'E', 'D', 'F']"
150,1dsd,['C'],"['A', 'B']"
151,1ewq,"['A', 'B']","['C', 'D']"
152,1ebm,['A'],"['C', 'D']"
153,1de8,"['A', 'B']","['U', 'X', 'V', 'Y']"
154,1fn7,['A'],"['C', 'D']"
155,1dnk,['A'],"['B', 'C']"
156,1dc1,"['A', 'B']","['C', 'W']"
157,1gcc,['A'],"['B', 'C']"
158,1d2i,"['A', 'B']","['C', 'D']"
159,1dfm,"['A', 'B']","['C', 'D']"
160,1eri,['A'],['B']
161,1fok,['A'],"['B', 'C']"
162,1d5y,"['A', 'B', 'C', 'D']","['M', 'O', 'N', 'P']"
163,1eyu,"['A', 'B']","['C', 'D']"
164,1dux,"['C', 'F']","['A', 'D', 'B', 'E']"
165,1fjx,['A'],"['C', 'D']"
166,1fiu,"['A', 'B', 'C', 'D']","['E', 'F', 'G', 'H', 'I', 'J', 'K', 'L']"
167,1dgc,['A'],['B']
168,1esg,"['A', 'B']","['C', 'D']"
169,1evw,"['A', 'B', 'C', 'D']","['E', 'G', 'M', 'N', 'F', 'H', 'O', 'P']"
170,1emj,['A'],"['B', 'C']"
171,1emh,['A'],"['B', 'C']"
172,1ecr,['A'],"['B', 'C']"
173,1du0,"['A', 'B']","['C', 'D']"
174,1gau,['A'],"['B', 'C']"
175,1gat,['A'],"['B', 'C']"
176,1f4s,['P'],"['A', 'B']"
177,1f5e,['P'],"['A', 'B']"
178,1d3u,"['A', 'B']","['C', 'D']"
179,1fyl,"['A', 'B']","['C', 'D']"
180,1gji,"['A', 'B']","['C', 'D']"
181,1f66,"['A', 'E', 'B', 'F', 'C', 'G', 'D', 'H']","['I', 'J']"
182,1eyg,"['A', 'B', 'C', 'D']","['Q', 'R']"
183,1gdt,"['A', 'B']","['C', 'D', 'F', 'E']"
184,1flo,"['A', 'B', 'C', 'D']","['E', 'G', 'I', 'K', 'F', 'H', 'J', 'L']"
185,1fym,"['A', 'B']","['C', 'D']"
186,1gtw,"['A', 'B']","['C', 'D']"
187,1gu4,"['A', 'B']","['C', 'D']"
188,1gu5,"['A', 'B']","['C', 'D']"
189,1h89,"['A', 'B', 'C']","['D', 'E']"
190,1h88,"['A', 'B', 'C']","['D', 'E']"
191,1e3m,"['A', 'B']","['E', 'F']"
192,1h38,"['A', 'B', 'C', 'D']","['E', 'H', 'K', 'N', 'G', 'J', 'M', 'P']"
193,1fjl,"['A', 'B', 'C']","['D', 'E', 'F']"
194,1gxp,"['A', 'B', 'E', 'F']","['C', 'G', 'D', 'H']"
195,1gm5,['A'],"['X', 'Y', 'Z']"
196,1h6f,"['A', 'B']","['C', 'D']"
197,1ea4,"['A', 'B', 'D', 'E', 'F', 'G', 'H', 'J', 'K', 'L']","['U', 'W', 'Y', 'V', 'X', 'Z']"
198,1h0m,"['A', 'B', 'C', 'D']","['E', 'F', 'G', 'H']"
199,1fyk,['A'],['C']
200,1k4s,['A'],"['B', 'C', 'D']"
201,1k4t,['A'],"['B', 'C', 'D']"
202,1jh9,['A'],['B']
203,1j3e,['A'],"['B', 'C']"
204,1iu3,"['C', 'F']","['A', 'D', 'B', 'E']"
205,1huo,"['A', 'B']","['C', 'T', 'D', 'P']"
206,1huz,"['A', 'B']","['C', 'T', 'D', 'P']"
207,1ig9,['A'],"['T', 'P']"
208,1k61,"['A', 'B', 'C', 'D']","['E', 'F']"
209,1jwl,"['A', 'B', 'C']","['D', 'E']"
210,1jk1,['A'],"['B', 'C']"
211,1jk2,['A'],"['B', 'C']"
212,1j5k,['A'],['B']
213,1j5o,"['A', 'B', 'L', 'H']","['T', 'P']"
214,1i3w,"['E', 'F', 'G', 'H']","['A', 'B', 'C', 'D']"
215,1hlz,"['A', 'B']","['C', 'D']"
216,1k6o,"['A', 'B', 'C']","['D', 'E']"
217,1kb4,"['A', 'B']","['C', 'D']"
218,1kb6,"['A', 'B']","['C', 'D']"
219,1kb2,"['A', 'B']","['C', 'D']"
220,1ig7,['A'],"['B', 'C']"
221,1j46,['A'],"['B', 'C']"
222,1j47,['A'],"['B', 'C']"
223,1hw2,"['A', 'B']","['D', 'E']"
224,1i7d,['A'],['B']
225,1je8,"['A', 'B', 'E', 'F']","['C', 'D', 'G', 'H']"
226,1jnm,"['A', 'B']","['C', 'D']"
227,1ic8,"['A', 'B']","['E', 'F']"
228,1ixy,"['A', 'B']","['C', 'D', 'E', 'F']"
229,1j59,"['A', 'B']","['C', 'E', 'D', 'F']"
230,1j9n,['C'],"['A', 'B']"
231,1k3x,['A'],"['B', 'C']"
232,1k3w,['A'],"['B', 'C']"
233,1k82,"['A', 'B', 'C', 'D']","['E', 'F', 'G', 'H', 'I', 'J', 'K', 'L']"
234,1jx4,['A'],"['P', 'T']"
235,1jxl,['A'],"['P', 'T']"
236,1j5n,['A'],"['B', 'C']"
237,1jb7,"['A', 'B']","['D', 'G', 'H']"
238,1hu0,['A'],"['D', 'E']"
239,1hap,"['L', 'H']",['D']
240,1ig4,['A'],"['B', 'C']"
241,1i6j,['A'],"['B', 'C']"
242,1iv6,['A'],"['B', 'C']"
243,1jfs,['A'],['B']
244,1jft,['A'],['B']
245,1j75,['A'],['B']
246,1jj8,['C'],"['A', 'B']"
247,1iaw,"['A', 'B']","['C', 'D', 'E', 'F']"
248,1jj6,['C'],"['A', 'B']"
249,1j1v,['A'],"['B', 'C']"
250,1jkr,['C'],"['A', 'B']"
251,1jkp,['C'],"['A', 'B']"
252,1ijw,['C'],"['A', 'B']"
253,1jko,['C'],"['A', 'B']"
254,1jkq,['C'],"['A', 'B']"
255,1i3j,['A'],"['B', 'C']"
256,1imh,"['C', 'D']","['A', 'B']"
257,1jfi,"['A', 'B', 'C']","['D', 'E']"
258,1i8m,"['A', 'L', 'B', 'H']","['T', 'D']"
259,1i6h,"['A', 'B', 'C', 'E', 'F', 'H', 'I', 'J', 'K', 'L']",['D']
260,1jgg,"['A', 'B']","['C', 'D']"
261,1k8g,"['A', 'B', 'C']","['D', 'E']"
262,1hlv,['A'],"['B', 'C']"
263,1io4,"['A', 'B', 'C', 'D']","['E', 'F']"
264,1if1,"['A', 'B']","['C', 'D']"
265,1ihf,"['A', 'B']","['C', 'D', 'E']"
266,1hht,"['P', 'Q', 'R']","['D', 'E', 'F']"
267,1hi0,"['P', 'Q', 'R']","['D', 'E', 'F']"
268,1hlo,"['A', 'B']","['C', 'D']"
269,1ijs,['P'],"['N', 'A']"
270,1hcq,"['A', 'B', 'E', 'F']","['C', 'G', 'D', 'H']"
271,1jmc,['A'],['B']
272,1ign,"['A', 'B']","['C', 'E', 'D', 'F']"
273,1hry,['A'],"['B', 'C']"
274,1hrz,['A'],"['B', 'C']"
275,1hwt,"['C', 'D', 'G', 'H']","['A', 'E', 'B', 'F']"
276,1j4w,['A'],['B']
277,1jey,"['A', 'B']","['C', 'D']"
278,1k79,"['A', 'D']","['B', 'E', 'C', 'F']"
279,1k7a,"['A', 'D']","['B', 'E', 'C', 'F']"
280,1hcr,['A'],"['B', 'C']"
281,1ipp,"['A', 'B']","['C', 'D']"
282,1hdd,"['C', 'D']","['A', 'B']"
283,1hvn,['E'],['D']
284,1hvo,['E'],['D']
285,1hao,"['L', 'H']",['D']
286,1hut,"['L', 'H']",['D']
287,1jj4,"['A', 'B']","['C', 'D']"
288,1kbu,"['A', 'B']","['C', 'D']"
289,1id3,"['A', 'E', 'B', 'F', 'C', 'G', 'D', 'H']","['I', 'J']"
290,1k78,"['A', 'E', 'I', 'B', 'F']","['C', 'G', 'D', 'H']"
291,1jt0,"['A', 'B', 'C', 'D']","['E', 'F']"
292,1h8a,"['A', 'B', 'C']","['D', 'E']"
293,1hjb,"['A', 'B', 'D', 'E', 'C', 'F']","['G', 'I', 'H', 'J']"
294,1h9d,"['A', 'C', 'B', 'D']","['E', 'G', 'F', 'H']"
295,1h9t,"['A', 'B']","['X', 'Y']"
296,1hf0,"['A', 'B']","['M', 'N']"
297,1hjc,"['A', 'D']","['B', 'E', 'C', 'F']"
298,1hbx,"['A', 'B', 'D', 'E', 'G', 'H']","['C', 'F', 'W', 'X']"
299,1hys,"['A', 'B', 'C', 'D']",['F']
300,1lpq,['A'],"['B', 'C']"
301,1le8,"['A', 'B']","['C', 'D']"
302,1m07,"['A', 'B']","['C', 'D']"
303,1mw8,['X'],['Y']
304,1l1t,['A'],"['B', 'C']"
305,1l1z,['A'],"['B', 'C']"
306,1l2d,['A'],"['B', 'C']"
307,1l2c,['A'],"['B', 'C']"
308,1l2b,['A'],"['B', 'C', 'D']"
309,1mnv,"['C', 'D']","['A', 'B']"
310,1lrr,"['A', 'D']","['B', 'E', 'C', 'F']"
311,1mow,"['A', 'D', 'G', 'J']","['B', 'E', 'H', 'K', 'C', 'F', 'I', 'L']"
312,1mq3,['A'],"['T', 'P', 'D']"
313,1mq2,['A'],"['T', 'P', 'D']"
314,1kqq,['A'],"['B', 'C']"
315,1ku7,"['A', 'D']","['B', 'C']"
316,1n3e,"['A', 'B', 'G', 'H']","['C', 'E', 'I', 'K', 'D', 'F', 'J', 'L']"
317,1n3f,"['A', 'B', 'G', 'H']","['C', 'E', 'I', 'K', 'D', 'F', 'J', 'L']"
318,1mwj,['A'],['D']
319,1mtl,"['A', 'B']","['C', 'D']"
320,1mwi,['A'],['D']
321,1lei,"['A', 'B']","['C', 'D']"
322,1kfv,"['A', 'B']","['D', 'G', 'E', 'H']"
323,1lb2,"['A', 'B', 'E']","['K', 'J']"
324,1l1m,"['A', 'B']","['C', 'D']"
325,1m5r,"['A', 'B']","['C', 'D', 'E', 'F']"
326,1l3l,"['A', 'B', 'C', 'D']","['E', 'F', 'G', 'H']"
327,1m5x,"['A', 'B']","['C', 'D']"
328,1l3s,['A'],"['B', 'C']"
329,1l3t,['A'],"['B', 'C']"
330,1l3u,['A'],"['B', 'C']"
331,1l5u,['A'],"['B', 'C']"
332,1l3v,['A'],"['B', 'C']"
333,1lfu,['P'],"['A', 'B']"
334,1lo1,['A'],"['B', 'C']"
335,1lv5,"['A', 'B']","['C', 'E', 'D', 'F']"
336,1n48,['A'],"['B', 'C']"
337,1lwv,['A'],"['D', 'E']"
338,1lww,['A'],"['D', 'E']"
339,1lwy,['A'],"['D', 'E']"
340,1m3q,['A'],"['B', 'C']"
341,1l1v,['B'],['A']
342,1kix,['A'],['D']
343,1keg,"['L', 'H']",['A']
344,1llm,"['C', 'D']","['A', 'B']"
345,1mnn,['A'],"['B', 'C']"
346,1le5,"['A', 'E', 'B', 'F']","['C', 'G', 'D', 'H']"
347,1le9,"['A', 'E', 'B', 'F']","['C', 'G', 'D', 'H']"
348,1lq1,"['A', 'B', 'C', 'D']","['E', 'G', 'F', 'H']"
349,1kdh,['A'],['D']
350,1m0e,['A'],"['C', 'D']"
351,1kc6,"['A', 'B', 'C', 'D']","['E', 'F', 'G', 'H']"
352,1m3h,['A'],"['B', 'C', 'D']"
353,1mje,"['B', 'A']",['C']
354,1mjo,"['A', 'B', 'C', 'D']","['F', 'G']"
355,1mjp,"['A', 'B']","['C', 'D']"
356,1mhd,"['A', 'B']","['C', 'D']"
357,1kx5,"['A', 'E', 'B', 'F', 'C', 'G', 'D', 'H']","['I', 'J']"
358,1kx3,"['A', 'E', 'B', 'F', 'C', 'G', 'D', 'H']","['I', 'J']"
359,1kx4,"['A', 'E', 'B', 'F', 'C', 'G', 'D', 'H']","['I', 'J']"
360,1lli,"['A', 'B']","['D', 'E']"
361,1lmb,"['3', '4']","['1', '2']"
362,1lcc,['A'],"['B', 'C']"
363,1lcd,['A'],"['B', 'C']"
364,1mey,"['C', 'F', 'G']","['A', 'D', 'B', 'E']"
365,1mse,['C'],"['A', 'B']"
366,1msf,['C'],"['A', 'B']"
367,1lbg,"['A', 'B', 'C', 'D']","['E', 'F', 'G', 'H']"
368,1kln,['A'],"['B', 'C']"
369,1kfs,['A'],['B']
370,1mdy,"['A', 'B', 'C', 'D']","['E', 'F', 'G', 'H']"
371,1mj2,"['A', 'B', 'C', 'D']","['F', 'G']"
372,1lat,"['A', 'B']","['C', 'D']"
373,1lau,['E'],['D']
374,1mht,['A'],"['B', 'C']"
375,1krp,['A'],['B']
376,1ksp,['A'],['B']
377,1mnm,"['A', 'B', 'C', 'D']","['E', 'F']"
378,1muh,['A'],"['B', 'C']"
379,1n39,['A'],"['B', 'C']"
380,1n3a,['A'],"['B', 'C']"
381,1n3c,['A'],"['B', 'C']"
382,1mus,['A'],"['B', 'C']"
383,1ksx,"['A', 'B', 'E', 'F', 'I', 'J', 'M', 'N']","['C', 'G', 'K', 'O']"
384,1ksy,"['A', 'B', 'C']","['D', 'E', 'F']"
385,1mjm,"['A', 'B']","['C', 'D']"
386,1ma7,"['A', 'B']","['C', 'D']"
387,1mm8,['A'],"['B', 'C']"
388,1mjq,"['A', 'B', 'C', 'D', 'G', 'H', 'I', 'J']","['E', 'F', 'K', 'L']"
389,1mdm,"['A', 'B']","['C', 'D']"
390,1lws,['A'],"['B', 'C']"
391,1lwt,['A'],"['B', 'C']"
392,1m18,"['A', 'E', 'B', 'F', 'C', 'G', 'D', 'H']","['I', 'J']"
393,1m19,"['A', 'E', 'B', 'F', 'C', 'G', 'D', 'H']","['I', 'J']"
394,1m1a,"['A', 'E', 'B', 'F', 'C', 'G', 'D', 'H']","['I', 'J']"
395,1m6x,"['A', 'B', 'C', 'D']","['E', 'F', 'I', 'J', 'G', 'H']"
396,1msw,['D'],"['T', 'N']"
397,1l9z,"['A', 'B', 'C', 'D', 'E', 'H']","['U', 'T']"
398,1m06,"['F', 'G', 'J']",['X']
399,1mvm,['A'],"['B', 'C', 'D']"
400,1ovf,['B'],['A']
401,1nh3,['A'],"['B', 'C']"
402,1o3r,['A'],"['B', 'C']"
403,1o3s,['A'],"['B', 'C']"
404,1o3q,['A'],"['B', 'C']"
405,1orp,['A'],"['B', 'C']"
406,1p59,['A'],"['B', 'C']"
407,1orn,['A'],"['B', 'C']"
408,1p7h,"['L', 'M', 'N', 'O']","['A', 'C', 'B', 'D']"
409,1nop,"['A', 'B', 'C']","['D', 'F']"
410,1n6j,"['A', 'B', 'G']","['C', 'D']"
411,1ng9,"['A', 'B']","['E', 'F']"
412,1n6q,"['A', 'B', 'L', 'H']","['T', 'P']"
413,1n5y,"['A', 'B', 'L', 'H']","['T', 'P']"
414,1p7d,"['A', 'B']","['C', 'E', 'D', 'F']"
415,1nkp,"['A', 'D', 'B', 'E']","['F', 'G', 'H', 'J']"
416,1osl,"['A', 'B']","['C', 'D']"
417,1ngm,"['A', 'E', 'I', 'M', 'B', 'F', 'J', 'N']","['C', 'G', 'K', 'O', 'D', 'H', 'L', 'P']"
418,1nnj,['A'],"['D', 'E']"
419,1n4l,['A'],"['B', 'D']"
420,1nlw,"['A', 'D', 'B', 'E']","['F', 'G', 'H', 'J']"
421,1p51,"['A', 'B', 'C', 'D']","['E', 'F', 'H', 'I']"
422,1o3t,"['A', 'B']","['C', 'F', 'D', 'E']"
423,1nne,"['A', 'B']","['C', 'D']"
424,1oup,"['A', 'B']","['C', 'D', 'F', 'E', 'G']"
425,1pfe,['B'],['A']
426,1n56,"['A', 'B']","['C', 'E', 'D', 'F']"
427,1nvp,"['A', 'B', 'C', 'D']","['E', 'F']"
428,1pa6,"['A', 'B']","['D', 'G', 'H']"
429,1ph1,"['A', 'B']","['D', 'G', 'H']"
430,1ph2,"['A', 'B']","['G', 'H', 'D']"
431,1ph3,"['A', 'B']","['G', 'H', 'D']"
432,1ph4,"['A', 'B']","['G', 'H', 'D']"
433,1ph5,"['A', 'B']","['G', 'H', 'D']"
434,1ph6,"['A', 'B']","['G', 'H', 'D']"
435,1ph7,"['A', 'B']","['G', 'H', 'D']"
436,1p47,"['A', 'B']","['C', 'D']"
437,1pgz,['A'],['B']
438,1p4e,"['A', 'B', 'C', 'D']","['E', 'F', 'I', 'J', 'G', 'H']"
439,1p78,"['A', 'B']","['C', 'D']"
440,1p71,"['A', 'B']","['C', 'D']"
441,1nh2,"['A', 'B', 'C', 'D']","['E', 'F']"
442,1o4x,"['A', 'B']","['C', 'D']"
443,1nwq,"['A', 'C']","['B', 'D']"
444,1p5w,['A'],['B']
445,1p8k,['Z'],"['A', 'B', 'C', 'D']"
446,1pdn,['C'],"['A', 'B']"
447,1per,"['L', 'R']","['A', 'B']"
448,1otc,"['A', 'B']",['D']
449,1par,"['A', 'B', 'C', 'D']","['E', 'F']"
450,1nfk,"['A', 'B']","['C', 'D']"
451,1oct,['C'],"['A', 'B']"
452,1nk2,['P'],"['A', 'B']"
453,1nk3,['P'],"['A', 'B']"
454,1noy,"['A', 'B']",['S']
455,1omh,['A'],['B']
456,1njw,['A'],"['B', 'C']"
457,1njx,['A'],"['B', 'C']"
458,1njy,['A'],"['B', 'C']"
459,1njz,['A'],"['B', 'C']"
460,1nk0,['A'],"['B', 'C']"
461,1nk4,['A'],"['B', 'C']"
462,1nk5,['A'],"['B', 'C']"
463,1nk6,['A'],"['B', 'C']"
464,1nk7,['A'],"['B', 'C']"
465,1nk8,['A'],"['B', 'C']"
466,1nk9,['A'],"['B', 'C']"
467,1nkb,['A'],"['B', 'C']"
468,1nkc,['A'],"['B', 'C']"
469,1nke,['A'],"['B', 'C']"
470,1osb,"['A', 'C']","['B', 'D']"
471,1owr,"['M', 'N', 'P', 'Q']","['A', 'C', 'E', 'G', 'B', 'D', 'F', 'H']"
472,1p34,"['A', 'E', 'B', 'F', 'C', 'G', 'D', 'H']","['I', 'J']"
473,1p3a,"['A', 'E', 'B', 'F', 'C', 'G', 'D', 'H']","['I', 'J']"
474,1p3b,"['A', 'E', 'B', 'F', 'C', 'G', 'D', 'H']","['I', 'J']"
475,1p3f,"['A', 'E', 'B', 'F', 'C', 'G', 'D', 'H']","['I', 'J']"
476,1p3g,"['A', 'E', 'B', 'F', 'C', 'G', 'D', 'H']","['I', 'J']"
477,1p3i,"['A', 'E', 'B', 'F', 'C', 'G', 'D', 'H']","['I', 'J']"
478,1p3k,"['A', 'E', 'B', 'F', 'C', 'G', 'D', 'H']","['I', 'J']"
479,1p3l,"['A', 'E', 'B', 'F', 'C', 'G', 'D', 'H']","['I', 'J']"
480,1p3m,"['A', 'E', 'B', 'F', 'C', 'G', 'D', 'H']","['I', 'J']"
481,1p3o,"['A', 'E', 'B', 'F', 'C', 'G', 'D', 'H']","['I', 'J']"
482,1p3p,"['A', 'E', 'B', 'F', 'C', 'G', 'D', 'H']","['I', 'J']"
483,1ouz,"['A', 'B']","['C', 'D', 'E']"
484,1owf,"['A', 'B']","['C', 'D', 'E']"
485,1owg,"['A', 'B']","['C', 'D', 'E']"
486,1ozj,"['A', 'B']","['C', 'D']"
487,1nzb,"['A', 'B', 'E', 'F']","['C', 'G', 'D', 'H']"
488,1ouq,"['A', 'B', 'E', 'F']","['C', 'G', 'X', 'Y', 'D', 'H']"
489,1odg,['A'],"['F', 'W']"
490,1oh5,"['A', 'B']","['E', 'F']"
491,1oh6,"['A', 'B']","['E', 'F']"
492,1oh7,"['A', 'B']","['E', 'F']"
493,1oh8,"['A', 'B']","['E', 'F']"
494,1pfi,"['A', 'B']","['C', 'D']"
495,1odh,['A'],"['C', 'D']"
496,1oj8,['A'],['B']
497,1oe4,"['A', 'B']","['E', 'F']"
498,1oe5,"['A', 'B']","['E', 'F']"
499,1oe6,"['A', 'B']","['E', 'F']"
500,1r8d,"['A', 'B']","['C', 'D']"
501,1rio,"['H', 'A', 'B']","['U', 'T']"
502,1pvp,"['A', 'B']","['C', 'D']"
503,1pvr,"['A', 'B']","['C', 'D']"
504,1qrh,['A'],['M']
505,1q9y,['A'],"['T', 'P']"
506,1r0a,"['A', 'B', 'L', 'H']","['T', 'P']"
507,1r71,"['A', 'B', 'C', 'D']","['E', 'G', 'J', 'K', 'F', 'H', 'I', 'L']"
508,1rr8,['C'],"['A', 'B']"
509,1rrj,['A'],"['B', 'C']"
510,1r49,['A'],"['B', 'C']"
511,1q0t,"['A', 'B']","['C', 'D']"
512,1puf,"['A', 'B']","['D', 'E']"
513,1r2y,['A'],"['B', 'C']"
514,1r2z,['A'],"['B', 'C']"
515,1rg2,"['A', 'B']","['D', 'F']"
516,1rfi,"['A', 'B', 'C', 'E']","['D', 'F']"
517,1rgt,"['A', 'B']","['D', 'F']"
518,1rgu,"['A', 'B']","['D', 'F']"
519,1rff,"['A', 'B', 'C', 'E']","['D', 'F']"
520,1rg1,"['A', 'B']","['D', 'F']"
521,1rm1,"['A', 'B', 'C']","['D', 'E']"
522,1r7m,"['A', 'B']","['C', 'E', 'D', 'F']"
523,1r4i,"['A', 'B']","['C', 'D']"
524,1r4o,"['A', 'B']","['C', 'D']"
525,1qum,['A'],"['B', 'C', 'D']"
526,1rh6,"['A', 'B']","['C', 'D']"
527,1qsy,['A'],"['B', 'C']"
528,1qtm,['A'],"['B', 'C']"
529,1qss,['A'],"['B', 'C']"
530,1r8e,['A'],['B']
531,1qsl,['A'],['B']
532,1ph8,"['A', 'B']","['G', 'H', 'D']"
533,1ph9,"['A', 'B']","['G', 'H', 'D']"
534,1phj,"['A', 'B']","['G', 'H', 'D']"
535,1rrc,['A'],['B']
536,1rc8,['A'],['B']
537,1rh0,"['A', 'B']","['D', 'F']"
538,1po6,['A'],['B']
539,1qqb,['A'],['M']
540,1r4r,"['A', 'B']","['C', 'D']"
541,1qps,['A'],"['M', 'N']"
542,1qri,['A'],['M']
543,1rpz,['A'],['B']
544,1q3f,['A'],"['B', 'C']"
545,1pzu,"['B', 'D', 'H', 'I', 'L', 'M']","['T', 'V', 'X', 'W', 'Y', 'Z']"
546,1rrq,['A'],"['B', 'C']"
547,1pv4,"['A', 'B', 'C', 'D', 'E', 'F']","['G', 'H', 'J', 'K', 'L']"
548,1pt3,"['A', 'B']","['C', 'D', 'E', 'F', 'G', 'H']"
549,1q9x,"['A', 'B', 'C', 'D']","['E', 'F', 'G', 'H', 'I', 'J', 'K', 'L']"
550,1pp8,"['F', 'M', 'O', 'P', 'U', 'V']","['E', 'I', 'K', 'Y', 'G', 'J', 'R', 'T']"
551,1rbj,['A'],['B']
552,1pue,"['E', 'F']","['A', 'C', 'B', 'D']"
553,1pnr,['A'],['B']
554,1qp9,"['A', 'B', 'C', 'D']","['E', 'G', 'F', 'H']"
555,1rcn,['E'],['D']
556,1qai,"['A', 'B']","['C', 'D']"
557,1qaj,"['A', 'B']","['C', 'D']"
558,1qpi,['A'],"['M', 'N']"
559,1rep,['C'],"['A', 'B']"
560,1ram,"['A', 'B']","['C', 'D']"
561,1rcs,"['A', 'B']","['E', 'F']"
562,1pjj,['A'],"['D', 'E']"
563,1pm5,['A'],"['D', 'E']"
564,1pji,['A'],"['D', 'E']"
565,1rnb,['A'],['C']
566,1qrv,"['A', 'B']","['C', 'D']"
567,1qpz,['A'],['M']
568,1qp0,['A'],['M']
569,1qp7,['A'],['M']
570,1qqa,['A'],['M']
571,1qp4,['A'],['M']
572,1rpe,"['L', 'R']","['B', 'A']"
573,1qbj,"['A', 'B', 'C']","['D', 'E', 'F']"
574,1pyi,"['A', 'B']","['D', 'E']"
575,1pvi,"['A', 'B']","['C', 'D']"
576,1pvq,"['A', 'B']","['C', 'D']"
577,1qx0,['A'],['B']
578,1r0n,"['A', 'B']","['C', 'D']"
579,1r0o,"['A', 'B']","['C', 'D']"
580,1pp7,['U'],"['E', 'F']"
581,1q3u,"['A', 'B', 'E', 'F']","['C', 'G', 'D', 'H']"
582,1q3v,"['A', 'B', 'E', 'F']","['C', 'G', 'X', 'Y', 'D', 'H']"
583,1qzg,"['A', 'B']","['C', 'D']"
584,1qzh,"['A', 'B', 'C', 'D', 'E', 'F']","['G', 'H', 'I', 'J', 'K', 'L']"
585,1qln,['A'],"['N', 'T']"
586,1rb8,"['F', 'G', 'J']",['X']
587,1qn3,"['A', 'B']","['C', 'E', 'D', 'F']"
588,1qn4,"['A', 'B']","['C', 'E', 'D', 'F']"
589,1qn5,"['A', 'B']","['C', 'E', 'D', 'F']"
590,1qn6,"['A', 'B']","['C', 'E', 'D', 'F']"
591,1qn7,"['A', 'B']","['C', 'E', 'D', 'F']"
592,1qn8,"['A', 'B']","['C', 'E', 'D', 'F']"
593,1qn9,"['A', 'B']","['C', 'E', 'D', 'F']"
594,1qna,"['A', 'B']","['C', 'E', 'D', 'F']"
595,1qnb,"['A', 'B']","['C', 'E', 'D', 'F']"
596,1qnc,"['A', 'B']","['C', 'E', 'D', 'F']"
597,1qne,"['A', 'B']","['C', 'E', 'D', 'F']"
598,1r9s,"['A', 'B', 'C', 'E', 'F', 'H', 'I', 'J', 'K', 'L']",['T']
599,1r9t,"['A', 'B', 'C', 'E', 'F', 'H', 'I', 'J', 'K', 'L']","['T', 'N']"
600,1rz9,"['A', 'B', 'C', 'D', 'E']","['F', 'G']"
601,1t2k,"['A', 'B', 'C', 'D']","['E', 'F']"
602,1u3e,['M'],"['A', 'B', 'C']"
603,1sxp,"['A', 'B']","['C', 'D']"
604,1sxq,"['A', 'B']","['C', 'D', 'E', 'F']"
605,1sc7,['A'],"['B', 'C', 'D']"
606,1seu,['A'],"['B', 'C', 'D']"
607,1t8i,['A'],"['B', 'C', 'D']"
608,1tl8,['A'],"['B', 'C', 'D']"
609,1stx,"['A', 'B']","['C', 'E', 'D', 'F']"
610,1sx5,"['A', 'B']","['C', 'E', 'D', 'F']"
611,1rv5,"['A', 'B']","['C', 'D']"
612,1rrs,['A'],"['B', 'C']"
613,1tez,"['A', 'B', 'C', 'D']","['I', 'K', 'J', 'L', 'M', 'O', 'N', 'P']"
614,1suz,"['A', 'B']","['C', 'D']"
615,1sx8,"['A', 'B']","['C', 'D']"
616,1sa3,"['A', 'B']","['C', 'D', 'E', 'F']"
617,1tv9,['A'],"['T', 'P', 'D']"
618,1tva,['A'],"['T', 'P', 'D']"
619,1tk5,"['A', 'B']","['P', 'T']"
620,1tk0,"['A', 'B']","['P', 'T']"
621,1sks,"['A', 'B']","['P', 'T']"
622,1skw,"['A', 'B']","['P', 'T']"
623,1skr,"['A', 'B']","['P', 'T']"
624,1sl0,"['A', 'C', 'B', 'D']","['P', 'Q', 'T', 'U']"
625,1tk8,"['A', 'B']","['P', 'T']"
626,1sl1,"['A', 'B']","['P', 'T']"
627,1sl2,"['A', 'B']","['P', 'T']"
628,1rzt,"['A', 'E', 'I', 'M']","['B', 'F', 'J', 'N', 'C', 'G', 'K', 'O', 'D', 'H', 'L', 'P']"
629,1t2s,['A'],['B']
630,1tdz,['A'],"['B', 'C']"
631,1rzr,"['A', 'C', 'G', 'D', 'L', 'S', 'T', 'Y']","['E', 'H', 'B', 'R']"
632,1ssp,['E'],"['A', 'B']"
633,1s0v,"['A', 'B', 'C', 'D']","['E', 'H', 'K', 'N', 'G', 'J', 'M', 'P']"
634,1t9i,"['A', 'B']","['C', 'D']"
635,1t9j,"['A', 'B']","['C', 'D']"
636,1t38,['A'],"['B', 'C']"
637,1t39,"['A', 'B']","['C', 'E', 'D', 'F']"
638,1tw8,"['A', 'B', 'C', 'D']","['E', 'F', 'G', 'H']"
639,1tx3,"['A', 'B', 'C', 'D']","['E', 'F', 'G', 'H']"
640,1u0d,"['A', 'B']","['C', 'D']"
641,1u0c,"['A', 'B']","['C', 'D']"
642,1s0n,['A'],"['P', 'T']"
643,1rys,"['A', 'B']","['C', 'E', 'D', 'F']"
644,1s10,['A'],"['B', 'C']"
645,1s9f,"['A', 'B', 'C', 'D']","['E', 'F', 'G', 'H', 'I', 'J', 'K', 'L']"
646,1s0o,"['A', 'B']","['C', 'E', 'D', 'F']"
647,1s97,"['A', 'B', 'C', 'D']","['E', 'F', 'G', 'H', 'I', 'J', 'K', 'L']"
648,1ryr,['A'],"['B', 'C']"
649,1s0m,"['A', 'B']","['C', 'E', 'D', 'F']"
650,1s40,['A'],['B']
651,1sfu,"['A', 'B']","['C', 'D']"
652,1u1p,['A'],['B']
653,1u1k,['A'],['B']
654,1u1l,['A'],['B']
655,1u1m,['A'],['B']
656,1u1q,['A'],['B']
657,1u1n,['A'],['B']
658,1u1r,['A'],['B']
659,1u1o,['A'],['B']
660,1skm,['A'],"['C', 'D']"
661,1ttu,['A'],"['B', 'C']"
662,1t2t,['A'],"['B', 'C']"
663,1t8e,"['A', 'B']","['C', 'D']"
664,1rxw,['A'],"['B', 'C']"
665,1rxv,"['A', 'B']","['C', 'D']"
666,1sax,"['A', 'B']","['C', 'D']"
667,1tf3,['A'],"['E', 'F']"
668,1s6m,['A'],['B']
669,1rvc,"['A', 'B']","['C', 'E', 'D', 'F']"
670,1rva,"['A', 'B']","['C', 'D']"
671,1rvb,"['A', 'B']","['C', 'D']"
672,1tf6,"['A', 'D']","['B', 'E', 'C', 'F']"
673,1svc,['P'],['D']
674,1trr,"['A', 'B', 'D', 'E', 'G', 'H', 'J', 'K']","['C', 'F', 'I', 'L']"
675,1tc3,['C'],"['A', 'B']"
676,1srs,"['A', 'B']","['W', 'C']"
677,1tkd,"['A', 'B']","['P', 'T']"
678,1tgh,['A'],"['B', 'C']"
679,1tn9,['A'],"['B', 'C']"
680,1s77,['D'],"['T', 'N']"
681,1run,"['A', 'B']","['C', 'E', 'D', 'F']"
682,1ruo,"['A', 'B']","['C', 'E', 'D', 'F']"
683,1tau,['A'],"['T', 'P']"
684,1skn,['P'],"['A', 'B']"
685,1tro,"['A', 'C', 'E', 'G']","['I', 'J', 'K', 'L']"
686,1tsr,"['A', 'B', 'C']","['E', 'F']"
687,1tup,"['A', 'B', 'C']","['E', 'F']"
688,1rta,['E'],['C']
689,1t7p,"['A', 'B']","['P', 'T']"
690,1s76,['D'],"['T', 'N']"
691,1rtd,"['A', 'C', 'B', 'D']","['E', 'G', 'F', 'H']"
692,1s9k,"['C', 'D', 'E']","['A', 'B']"
693,1tqe,"['P', 'Q', 'R', 'S', 'X', 'Y']","['C', 'E', 'D', 'F']"
694,1t03,"['A', 'B', 'L', 'H']","['T', 'P']"
695,1t3n,"['A', 'B']","['T', 'P']"
696,1u35,"['A', 'E', 'B', 'F', 'C', 'G', 'D', 'H']","['I', 'J']"
697,1t05,"['A', 'B']","['T', 'P']"
698,1s32,"['A', 'E', 'B', 'F', 'C', 'G', 'D', 'H']","['I', 'J']"
699,1sfo,"['A', 'B', 'C', 'E', 'F', 'H', 'I', 'J', 'K', 'L']",['T']
700,1u78,['A'],"['B', 'C']"
701,1vrl,['A'],"['B', 'C']"
702,1yf3,"['A', 'B']","['C', 'D']"
703,1wte,"['A', 'B']","['X', 'Y']"
704,1xvn,['B'],['A']
705,1xpx,['A'],"['D', 'C']"
706,1ya6,"['A', 'B']","['C', 'D']"
707,1yfi,"['A', 'B']","['C', 'D', 'E', 'F']"
708,1wd1,['A'],"['B', 'C']"
709,1wd0,['A'],"['B', 'C']"
710,1wvl,"['A', 'B']","['C', 'D']"
711,1xsn,['A'],"['T', 'P', 'D']"
712,1xsl,"['A', 'E', 'I', 'M']","['B', 'F', 'J', 'N', 'C', 'G', 'K', 'O', 'D', 'H', 'L', 'P']"
713,1xsp,['A'],"['T', 'P', 'D']"
714,1xvr,"['D', 'E']","['A', 'C']"
715,1z19,"['A', 'B']","['C', 'D', 'E']"
716,1xc8,['A'],"['B', 'C']"
717,1y6f,"['A', 'B']","['C', 'D']"
718,1y6g,"['A', 'B']","['C', 'D']"
719,1y8z,"['A', 'B']","['C', 'D']"
720,1xhu,"['A', 'B', 'C', 'D']","['E', 'G', 'I', 'K', 'F', 'H', 'J', 'L']"
721,1xhv,"['A', 'B', 'C', 'D']","['E', 'G', 'I', 'K', 'F', 'H', 'J', 'L']"
722,1wtp,"['A', 'B']","['C', 'D', 'E', 'F']"
723,1wto,['A'],"['B', 'C']"
724,1wtr,['A'],"['B', 'C']"
725,1wtw,['A'],"['B', 'C']"
726,1xyi,['A'],"['B', 'C']"
727,1vs2,['B'],['A']
728,1xvk,['B'],['A']
729,1x9w,"['A', 'B']","['C', 'D']"
730,1x9s,"['A', 'B']","['P', 'T']"
731,1x9m,"['A', 'B']","['C', 'D']"
732,1yqk,['A'],"['B', 'C']"
733,1wtq,['A'],"['B', 'C']"
734,1wtv,['A'],"['B', 'C']"
735,1wtx,['A'],"['B', 'C']"
736,1yfh,"['A', 'B', 'C']","['D', 'F', 'E', 'G']"
737,1u8b,['A'],"['B', 'C', 'D', 'E']"
738,1yfj,"['A', 'B', 'C', 'D', 'E', 'F']","['0', '1', '2', '3', '4', '5', '6', '7', '8', '9']"
739,1unj,"['E', 'F', 'K', 'L', 'Q', 'R', 'W', 'X']","['A', 'B', 'C', 'D', 'G', 'H', 'I', 'J', 'M', 'N', 'O', 'P', 'S', 'T', 'U', 'V']"
740,1unm,"['E', 'F']","['A', 'B', 'C', 'D']"
741,1vrr,"['A', 'B']","['C', 'D']"
742,1xf2,"['A', 'L', 'B', 'H']",['T']
743,1xhz,"['A', 'B', 'C', 'D']","['E', 'F', 'G', 'H']"
744,1y1w,"['A', 'B', 'C', 'D', 'E', 'F', 'G', 'H', 'I', 'J', 'K', 'L']","['T', 'N']"
745,1y77,"['A', 'B', 'C', 'D', 'E', 'F', 'G', 'H', 'I', 'J', 'K', 'L']","['T', 'N']"
746,1xs9,"['A', 'D']","['B', 'C']"
747,1yql,['A'],"['B', 'C']"
748,1yqm,['A'],"['B', 'C']"
749,1yqr,['A'],"['B', 'C']"
750,1y1y,"['A', 'B', 'C', 'D', 'E', 'F', 'G', 'H', 'I', 'J', 'K', 'L', 'S']",['T']
751,1xsd,['A'],['B']
752,1wtb,['A'],['B']
753,1x0f,['A'],['B']
754,1yfl,"['A', 'B', 'D', 'E']","['F', 'G', 'H', 'I']"
755,1xi1,"['A', 'B']","['C', 'D']"
756,1ynw,"['A', 'B']","['C', 'D']"
757,1ytb,"['A', 'B']","['C', 'D']"
758,1wet,['A'],['B']
759,1xbr,"['A', 'B']","['C', 'D']"
760,1ubd,['C'],"['A', 'B']"
761,1vas,['A'],"['B', 'C']"
762,1vtg,['B'],['A']
763,1vtn,['C'],"['A', 'B']"
764,1yui,['A'],"['B', 'C']"
765,1yuj,['A'],"['B', 'C']"
766,1vtl,"['E', 'F']","['A', 'C', 'B', 'D']"
767,1vto,"['A', 'B']","['C', 'E', 'D', 'F']"
768,1vol,"['A', 'B']","['C', 'D']"
769,1yrn,"['A', 'B']","['C', 'D']"
770,1vpw,['A'],['B']
771,1vkx,"['A', 'B']","['C', 'D']"
772,1ytf,"['A', 'B', 'C', 'D']","['E', 'F']"
773,1ysa,"['C', 'D']","['A', 'B']"
774,1uaa,"['A', 'B']",['C']
775,1u45,['A'],"['B', 'C']"
776,1u47,['A'],"['B', 'C']"
777,1u48,['A'],"['B', 'C']"
778,1u49,['A'],"['B', 'C']"
779,1u4b,['A'],"['B', 'C']"
780,1ua0,['A'],"['B', 'C']"
781,1ua1,['A'],"['B', 'C']"
782,1xc9,['A'],"['B', 'C']"
783,1yo5,['C'],"['A', 'B']"
784,1vfc,['A'],"['B', 'C']"
785,1x9n,['A'],"['B', 'C', 'D']"
786,1xjv,['A'],['B']
787,1xo0,"['A', 'B']","['C', 'D']"
788,1xns,"['A', 'B']","['C', 'D']"
789,1u8r,"['A', 'B', 'C', 'D', 'G', 'H', 'I', 'J']","['E', 'K', 'F', 'L']"
790,1v14,"['A', 'B', 'C', 'D']","['E', 'F', 'G', 'H', 'I', 'J', 'K', 'L']"
791,1v15,"['A', 'B', 'C', 'D']","['E', 'F', 'G', 'H', 'I', 'J', 'K', 'L']"
792,1w7a,"['A', 'B']","['E', 'F']"
793,1wb9,"['A', 'B']","['E', 'F']"
794,1wbb,"['A', 'B']","['E', 'F']"
795,1wbd,"['A', 'B']","['E', 'F']"
796,1w36,"['B', 'E', 'C', 'F', 'D', 'G']","['Y', 'Z']"
797,1uut,"['A', 'B']","['C', 'D']"
798,1w0t,"['A', 'B']","['C', 'D']"
799,1w0u,"['A', 'B']","['C', 'D']"
800,1z1g,"['A', 'B', 'C', 'D']","['I', 'J', 'K', 'L', 'E', 'G', 'F', 'H']"
801,1z63,"['A', 'B']","['C', 'E', 'D', 'F']"
802,2b9s,"['A', 'B']","['C', 'D', 'E']"
803,2b0e,"['A', 'B']","['C', 'D']"
804,2b0d,"['A', 'B']","['C', 'D']"
805,2a07,"['F', 'G', 'H', 'I', 'J', 'K']","['A', 'C', 'B', 'D']"
806,2ata,"['A', 'B', 'C', 'D']","['E', 'F', 'G', 'H']"
807,2adw,"['H', 'I', 'J', 'K']","['A', 'C', 'E', 'G']"
808,2aq4,['A'],"['P', 'T']"
809,1z1c,['A'],"['B', 'C']"
810,1zrd,"['A', 'B']","['W', 'Y', 'X', 'Z']"
811,1zrf,"['A', 'B']","['W', 'Y', 'X', 'Z']"
812,1zre,"['A', 'B']","['W', 'Y', 'X', 'Z']"
813,1zrc,"['A', 'B']","['W', 'Y', 'X', 'Z']"
814,2ayb,"['A', 'B']","['C', 'D']"
815,2aor,"['A', 'B']","['C', 'D']"
816,2a6o,"['A', 'B']","['C', 'D']"
817,1zyq,"['A', 'B']","['P', 'T']"
818,2ady,"['A', 'B']","['E', 'F']"
819,2ahi,"['A', 'B', 'C', 'D']","['E', 'F', 'G', 'H']"
820,1zns,['A'],"['B', 'C']"
821,2ac0,"['A', 'B', 'C', 'D']","['E', 'F', 'G', 'H']"
822,1zg5,"['A', 'B', 'E', 'F']","['C', 'D', 'G', 'H']"
823,1zg1,"['A', 'B', 'E', 'F']","['C', 'H', 'D', 'G']"
824,1z1b,"['A', 'B']","['C', 'D', 'E', 'F', 'G']"
825,1zzi,"['A', 'B']","['C', 'D']"
826,1ztt,['A'],"['B', 'G']"
827,1zgw,['A'],"['B', 'C']"
828,2ayg,"['A', 'B']","['C', 'D']"
829,2aoq,['A'],"['B', 'C']"
830,2bcs,['A'],"['D', 'P', 'T']"
831,1zq3,['P'],"['A', 'B']"
832,1zlk,"['A', 'B']","['C', 'D']"
833,2agq,['A'],"['B', 'C']"
834,2asd,"['A', 'B']","['D', 'H', 'E', 'J']"
835,2asj,"['A', 'B']","['D', 'H', 'E', 'J']"
836,2atl,"['A', 'B']","['D', 'H', 'E', 'J']"
837,2au0,"['A', 'B']","['D', 'H', 'E', 'J']"
838,2asl,"['A', 'B']","['D', 'H', 'E', 'J']"
839,2acj,"['A', 'B', 'C', 'D']","['E', 'F']"
840,2a66,['A'],"['B', 'C']"
841,2alz,['A'],"['T', 'P']"
842,1zzj,"['A', 'B', 'C']",['D']
843,1zet,['A'],"['T', 'P']"
844,2bcq,['A'],"['D', 'P', 'T']"
845,2bcr,['A'],"['D', 'P', 'T']"
846,2bcu,['A'],"['D', 'P', 'T']"
847,2bcv,['A'],"['D', 'P', 'T']"
848,2as5,"['M', 'N', 'F', 'G']","['A', 'C', 'B', 'D']"
849,2axy,"['A', 'B', 'C', 'D']","['E', 'F', 'G', 'H']"
850,1ztw,['A'],"['B', 'G']"
851,1zm5,['A'],['B']
852,1z9c,"['A', 'B', 'C', 'D', 'E', 'F']","['G', 'I', 'K', 'H', 'J', 'L']"
853,2a3v,"['A', 'B', 'C', 'D']","['E', 'G', 'F', 'H']"
854,1zay,['A'],['M']
855,1zme,"['C', 'D']","['A', 'B']"
856,1zaa,['C'],"['A', 'B']"
857,1zqa,['A'],"['T', 'P']"
858,1zqb,['A'],"['T', 'P']"
859,1zqc,['A'],"['T', 'P']"
860,1zqd,['A'],"['T', 'P']"
861,1zqe,['A'],"['T', 'P']"
862,1zqf,['A'],"['T', 'P']"
863,1zqg,['A'],"['T', 'P']"
864,1zqh,['A'],"['T', 'P']"
865,1zqi,['A'],"['T', 'P']"
866,1zqj,['A'],"['T', 'P']"
867,1zqk,['A'],"['T', 'P']"
868,1zql,['A'],"['T', 'P']"
869,1zqm,['A'],"['T', 'P']"
870,1zqn,['A'],"['T', 'P']"
871,1zqo,['A'],"['T', 'P']"
872,1zqp,['A'],"['T', 'P']"
873,1zqq,['A'],"['T', 'P']"
874,1zqr,['A'],"['T', 'P']"
875,1zqs,['A'],"['T', 'P']"
876,1zqt,['A'],"['T', 'P']"
877,209d,['C'],"['A', 'B']"
878,2bdp,['A'],"['P', 'T']"
879,2agp,"['A', 'B']","['C', 'E', 'D', 'F']"
880,2ago,['A'],"['B', 'C']"
881,2bam,"['A', 'B']","['C', 'D']"
882,1zs4,"['A', 'B', 'C', 'D']","['U', 'T']"
883,2ajq,"['A', 'F', 'B', 'I']","['P', 'X', 'T', 'Z']"
884,1zbb,"['A', 'E', 'a', 'e', 'B', 'F', 'b', 'f', 'C', 'G', 'c', 'g', 'D', 'H', 'd', 'h']","['I', 'J']"
885,1zvv,"['A', 'B', 'G', 'J', 'P', 'W']","['O', 'R', 'T']"
886,2a0i,['A'],['B']
887,1zla,"['A', 'E', 'B', 'F', 'C', 'G', 'D', 'H', 'K']","['I', 'J']"
888,1zr2,"['A', 'B']","['J', 'X', 'I', 'Z', 'K', 'Y']"
889,1zr4,"['A', 'B', 'D', 'E']","['J', 'M', 'U', 'X', 'I', 'O', 'W', 'Z', 'K', 'N', 'V', 'Y']"
890,1zjm,['A'],"['T', 'P', 'D']"
891,1zjn,['A'],"['T', 'P', 'D']"
892,1zx4,"['A', 'B']","['T', 'S']"
893,2bjc,"['A', 'B']","['C', 'D']"
894,2bnw,"['A', 'B', 'C', 'D']","['E', 'G', 'F', 'H']"
895,2bnz,"['A', 'B', 'C', 'D']","['E', 'G', 'F', 'H']"
896,1ztg,"['A', 'B', 'C', 'D']","['Y', 'Z']"
897,2bgw,"['A', 'B']","['C', 'D']"
898,1zbi,"['A', 'B']",['D']
899,1zbl,"['A', 'B']",['D']
900,2dwl,"['A', 'B', 'C', 'D']","['E', 'F']"
901,2c9l,"['Y', 'Z']","['A', 'B']"
902,2f5q,['A'],"['B', 'C']"
903,2dpi,['A'],"['P', 'T']"
904,2dpj,['A'],"['P', 'T']"
905,2f5n,['A'],"['B', 'C']"
906,2f5s,['A'],"['B', 'C']"
907,2f5p,['A'],"['C', 'D']"
908,2f5o,['A'],"['B', 'C']"
909,2dwm,"['A', 'B', 'C', 'D']","['E', 'F', 'G']"
910,2ddg,['A'],"['C', 'D']"
911,2dem,['A'],"['C', 'D']"
912,2dp6,['A'],"['C', 'D']"
913,2c9n,"['Y', 'Z']","['A', 'B']"
914,2er8,"['A', 'B', 'C', 'D']","['E', 'F', 'G', 'H']"
915,2dtu,"['A', 'B', 'C', 'D']","['E', 'G', 'I', 'K', 'F', 'H', 'J', 'L']"
916,2dy4,"['A', 'B', 'C', 'D']","['E', 'G', 'I', 'K', 'F', 'H', 'J', 'L']"
917,2dpd,"['A', 'B']","['D', 'E']"
918,2dnj,['A'],"['B', 'C']"
919,2exf,['A'],['B']
920,2f8x,"['C', 'K', 'M']","['X', 'Y']"
921,2ewj,['A'],"['B', 'C']"
922,2d5v,"['A', 'B']","['C', 'E', 'D', 'F']"
923,2euv,['A'],"['B', 'C']"
924,2etw,['A'],"['B', 'C']"
925,2evj,['A'],"['B', 'C']"
926,2evi,['A'],"['B', 'C']"
927,2evh,['A'],"['B', 'C']"
928,2evg,['A'],"['B', 'C']"
929,2evf,['A'],"['B', 'C']"
930,2euz,['A'],"['B', 'C']"
931,2eux,['A'],"['B', 'C']"
932,2euw,['A'],"['B', 'C']"
933,2ezv,"['A', 'B']","['F', 'G']"
934,2ere,"['A', 'B']","['C', 'D']"
935,2erg,"['A', 'B']","['C', 'D']"
936,2es2,['A'],['B']
937,2f55,"['A', 'B', 'C']","['D', 'E']"
938,2dpu,['A'],"['D', 'E']"
939,2fdc,"['A', 'B']","['C', 'D']"
940,2ea0,['A'],"['B', 'C']"
941,2fd8,['A'],['B']
942,2fdf,['A'],['B']
943,2fdg,['A'],['B']
944,2fdh,['A'],['B']
945,2fdi,['A'],['B']
946,2d45,"['A', 'B', 'C', 'D']","['E', 'F', 'G', 'H']"
947,2d7d,"['A', 'B']",['D']
948,2cv5,"['A', 'E', 'B', 'F', 'C', 'G', 'D', 'H']","['I', 'J']"
949,2bpa,"['1', '2', '3']",['A']
950,2f03,"['A', 'C']","['E', 'G', 'F', 'H']"
951,2fcc,"['A', 'B']","['C', 'E', 'D', 'F']"
952,2bop,['A'],['B']
953,2drp,"['A', 'D']","['B', 'E', 'C', 'F']"
954,2e1c,['A'],"['B', 'D']"
955,2efw,"['A', 'B', 'F', 'G']","['D', 'I', 'E', 'J']"
956,2d55,['C'],"['A', 'B']"
957,2ezd,['A'],"['B', 'C']"
958,2eze,['A'],"['B', 'C']"
959,2ezf,['A'],"['B', 'C']"
960,2ezg,['A'],"['B', 'C']"
961,2bpf,['A'],"['T', 'P']"
962,2bpg,"['A', 'B']","['C', 'T', 'D', 'P']"
963,2cgp,['A'],"['B', 'C']"
964,2dgc,['A'],['B']
965,2e42,"['A', 'B']","['C', 'D']"
966,2e43,"['A', 'B']","['C', 'D']"
967,2crx,"['A', 'B']","['C', 'D']"
968,2ex5,"['A', 'B']","['X', 'Y']"
969,2f8n,"['A', 'E', 'B', 'F', 'D', 'H', 'G', 'K']","['I', 'J']"
970,2c62,"['A', 'B']",['C']
971,2bzf,['A'],"['B', 'C']"
972,2da8,['A'],"['C', 'D']"
973,2bq3,['A'],"['P', 'T']"
974,2bqr,['A'],"['P', 'T']"
975,2bqu,['A'],"['P', 'T']"
976,2br0,['A'],"['P', 'T']"
977,2c22,['A'],"['P', 'T']"
978,2c28,['A'],"['P', 'T']"
979,2c2d,['A'],"['P', 'T']"
980,2c2e,['A'],"['P', 'T']"
981,2c2r,['A'],"['P', 'T']"
982,2c5r,"['A', 'B', 'C', 'D', 'E', 'F']","['Y', 'Z']"
983,2c6y,"['A', 'B']","['C', 'D']"
984,2c7o,['A'],"['C', 'D']"
985,2c7p,['A'],"['C', 'D']"
986,2c7q,['A'],"['C', 'D']"
987,2c7r,['A'],"['C', 'D']"
988,2cax,"['A', 'B', 'C', 'D']","['G', 'H', 'U', 'Y']"
989,2ccz,"['A', 'B']",['C']
990,2c7a,"['A', 'B']","['C', 'D']"
991,2d7g,"['A', 'B', 'C', 'D']","['E', 'F', 'G', 'H']"
992,2d7h,"['A', 'B', 'C', 'D']",['E']
993,2dwn,"['A', 'B', 'C', 'D']","['E', 'F']"
994,2bsq,"['A', 'B', 'C', 'D', 'E', 'F', 'G', 'H']","['I', 'J']"
995,2cdm,"['A', 'C']","['B', 'D']"
996,2e52,"['A', 'B', 'C', 'D']","['E', 'F', 'G', 'H', 'I', 'J']"
997,2e2h,"['A', 'B', 'C', 'E', 'F', 'H', 'I', 'J', 'K', 'L']","['T', 'N']"
998,2e2i,"['A', 'B', 'C', 'E', 'F', 'H', 'I', 'J', 'K', 'L']","['T', 'N']"
999,2e2j,"['A', 'B', 'C', 'E', 'F', 'H', 'I', 'J', 'K', 'L']","['T', 'N']"
